TimePoint,Description,NES,pvalue,Genes
3,"Alanine, aspartate and glutamate metabolism",-1.611581110665088,0.009523922569119214,GDH2/GLN1/GLT1/ASN1/CPA2/UGA2/GDH3/CPA1/UGA1/ARG1/GDH1/URA2/ASN2/GFA1/ARG4/ALT1/ASP1
9,"Alanine, aspartate and glutamate metabolism",-1.0158853896133502,0.4479638009049774,AAT2/ADE13/CPA1/ASN2/ARG1/NIT3/GDH1/GDH2/ALT1/ASP1/CPA2/URA2/ARG4/GLN1/GFA1/UGA2/ASN1/GLT1/GDH3
15,"Alanine, aspartate and glutamate metabolism",-0.7117114817226854,0.8600723763570567,CPA2/GDH1/GDH3/ALT1/GLT1/CPA1/UGA1/GDH2/GFA1/ASN1/NIT3
21,"Alanine, aspartate and glutamate metabolism",0.9012437011192818,0.6026143790849673,GFA1/UGA1/GLN1/GAD1/ALT1/CPA2/AAT2/GDH2/ASN2/ADE4/ARG1/URA2/CPA1/UGA2
27,"Alanine, aspartate and glutamate metabolism",0.6960492244285249,0.8907103825136612,GFA1/NIT3/GLN1/UGA1/ARG1/ARG4/CPA1/GDH2/ALT1/AAT2/ASN2/CPA2/ADE4/UGA2/URA2
33,"Alanine, aspartate and glutamate metabolism",0.8692714101533986,0.6860706860706861,GFA1/UGA1/CPA1/ASP1/NIT3/UGA2/ARG1/GDH2/GLN1/ADE12/ASN2/ADE4/GLT1/URA2/ALT1/AAT2/ARG4/ADE13/ASN1/CPA2/PUT2
39,"Alanine, aspartate and glutamate metabolism",0.9989991931000965,0.4948453608247423,GFA1/CPA1/UGA1/PUT2/NIT3/UGA2/GDH2/ASP1/GLN1/GLT1/ADE4/ADE13/GDH1/ASN2/URA2/ASN1/AAT2/CPA2/ADE12/ARG4/ALT1/GDH3/ARG1
45,"Alanine, aspartate and glutamate metabolism",1.0731194562310677,0.409652076318743,NIT3/CPA1/ASP1/GDH3/GFA1/GAD1/UGA1/GDH2/GLN1/CPA2/ASN2/ADE12/AAT2/URA2/ADE4/ARG4
51,"Alanine, aspartate and glutamate metabolism",0.9174258919880947,0.5906666666666667,NIT3/CPA1/PUT2/ASP1/GDH3/GAD1/GLT1/ADE12/GDH2/ASN1/UGA1/ALT1/GLN1/ADE4
57,"Alanine, aspartate and glutamate metabolism",-0.9212539212653446,0.551440329218107,PUT2/GDH2/GLT1/UGA2/AAT2/UGA1/ASN1/ARG4/GFA1/NIT3
63,"Alanine, aspartate and glutamate metabolism",-1.3852868043966426,0.06626506024096386,PUT2/AAT2/UGA2/ARG4/UGA1/GDH3/GLT1/ASN1/GFA1/GAD1/NIT3
69,"Alanine, aspartate and glutamate metabolism",-0.8660673662723863,0.6729957805907173,CPA2/CPA1/ADE12/GDH3/URA2/ARG4/ASN2/ADE13/ASP1/PUT2/GFA1/GLT1/ASN1/GAD1
75,"Alanine, aspartate and glutamate metabolism",-0.684156674923495,0.9116379310344828,ARG1/ADE12/GDH2/ASN2/URA2/ARG4/UGA1/ASP1/GFA1/ADE13/GLT1/GAD1
81,"Alanine, aspartate and glutamate metabolism",-0.8496103550101045,0.7021696252465484,ASN2/CPA2/CPA1/AAT2/ADE13/UGA2/ARG4/UGA1/GDH3/GLT1/GFA1/GAD1/NIT3
87,"Alanine, aspartate and glutamate metabolism",-0.5947054349918067,0.9556737588652482,UGA1/GDH3/GDH2/ADE4/CPA1/AAT2/CPA2/URA2/ADE12/ASN2/ADE13/GLT1/NIT3
93,"Alanine, aspartate and glutamate metabolism",0.7411619378095555,0.8527918781725888,ASN1/PUT2/GAD1/ASP1/GLN1/CPA1/GDH1/ARG1/UGA2/UGA1/URA2/ADE4/AAT2/GFA1/ARG4/GDH2/NIT3/CPA2/ADE12/GLT1/GDH3/ALT1/ASN2/ADE13
3,Arginine biosynthesis,-1.6230987599287507,0.012847999895238882,"GDH2/GLN1/CPA2/GDH3/CPA1/DUR1,2/ARG1/ARG7/GDH1/URA2/ARG5,6/ARG4/ALT1"
9,Arginine biosynthesis,-1.0591095835444395,0.3948896631823461,"AAT2/CPA1/ARG1/DUR1,2/GDH1/GDH2/ALT1/CPA2/URA2/ARG4/GLN1/CAR1/GDH3/ARG7"
15,Arginine biosynthesis,0.882139558324285,0.647887323943662,"CAR1/AAT2/GLN1/ARG1/URA2/ARG4/CPA2/GDH1/GDH3/DUR1,2/ARG7/ALT1/CPA1/GDH2/ARG5,6"
21,Arginine biosynthesis,0.9889772813712163,0.4849726775956284,"DUR1,2/GLN1/ALT1/CPA2/AAT2/GDH2/ARG5,6/ARG1/URA2/CPA1"
27,Arginine biosynthesis,0.7962283385554606,0.7603583426651735,"DUR1,2/GLN1/ARG1/ARG4/CPA1/GDH2/ALT1/AAT2/CPA2/ARG5,6/URA2/ARG7"
33,Arginine biosynthesis,0.8413464032591365,0.6945652173913044,"DUR1,2/CPA1/ARG1/GDH2/GLN1/ARG5,6/URA2/ARG7/ALT1/AAT2/ARG4"
39,Arginine biosynthesis,0.7737122668783586,0.7857911733046287,"DUR1,2/CPA1/GDH2/GLN1/ARG5,6/GDH1/URA2/AAT2/CPA2/ARG4/ALT1/GDH3/ARG1"
45,Arginine biosynthesis,1.0090715106669832,0.48933649289099523,"DUR1,2/CPA1/GDH3/CAR1/GDH2/ARG5,6/GLN1/ARG7/CPA2/AAT2/URA2/ARG4/ALT1"
51,Arginine biosynthesis,0.6150925336304393,0.9361702127659575,"CPA1/DUR1,2/CAR1/GDH3/GDH2/ALT1/GLN1/ARG5,6"
57,Arginine biosynthesis,-0.5426748238748904,0.9737373737373738,"GDH2/AAT2/ARG7/ARG4/DUR1,2"
63,Arginine biosynthesis,0.5669001679963159,0.9636363636363636,"GLN1/ARG7/CAR1/GDH1/ARG1/ALT1/CPA1/URA2/CPA2/ARG5,6/GDH2/AAT2/ARG4/GDH3/DUR1,2"
69,Arginine biosynthesis,0.6766389696160712,0.8875739644970414,"ARG7/GLN1/CAR1/ALT1/GDH1/ARG1/GDH2/AAT2/ARG5,6/CPA2/CPA1/GDH3/URA2/ARG4/DUR1,2"
75,Arginine biosynthesis,0.7400535993755545,0.8273921200750469,"ARG7/GLN1/CAR1/GDH1/ALT1/CPA1/GDH3/AAT2/ARG5,6/CPA2/ARG1/GDH2/URA2/ARG4/DUR1,2"
81,Arginine biosynthesis,0.5617774234771074,0.9737903225806451,"GLN1/DUR1,2/CAR1/ALT1/GDH1/ARG1/ARG5,6/URA2/GDH2/CPA2/CPA1/AAT2/ARG4/ARG7/GDH3"
87,Arginine biosynthesis,0.4285666678566973,1,"DUR1,2/GLN1/CAR1/ALT1/GDH1/ARG4/ARG1/GDH3/GDH2/CPA1/AAT2/CPA2/ARG5,6/URA2"
93,Arginine biosynthesis,0.8084413231446128,0.7396593673965937,"ARG7/CAR1/GLN1/CPA1/DUR1,2/GDH1/ARG1/URA2/AAT2/ARG4/GDH2/CPA2/ARG5,6/GDH3/ALT1"
3,Base excision repair,-1.510060611414349,0.036848792884371026,RFC5/POL30/APN1/RFC2/RAD27/DPB4/CDC9/DPB2/POL3/RFC4
9,Base excision repair,-0.9780221112218426,0.5208816705336426,RFC2/POL31/RFC4/CDC9/DPB2/RFC5
15,Base excision repair,-1.2134545263437415,0.23558897243107768,DPB4/DPB2/POL3/CDC9/APN1/RFC5/POL31/POL30
21,Base excision repair,-1.1020211591866353,0.3285198555956679,POL2/DPB3/RFC5/POL31/RAD27
27,Base excision repair,1.1631467986564665,0.2608695652173913,RAD27/POL30/RFC5/POL31/POL3/APN1
33,Base excision repair,1.3133188481909923,0.13449023861171366,RAD27/POL3/RFC4/APN1/RFC3/POL30/POL2/CDC9/DPB4
39,Base excision repair,1.171859075409464,0.2579957356076759,RAD27/POL2/POL3/RFC4/CDC9/APN1/RFC3/DPB4/RFC2/POL31/DPB2
45,Base excision repair,1.2327467316150187,0.21219226260257915,RAD27/POL3/APN1/RFC4/POL30/RFC5/POL2
51,Base excision repair,1.2682002931516871,0.16574585635359115,RAD27/POL3/RFC5/RFC4/POL30/UNG1/POL31
57,Base excision repair,-0.7562335841701969,0.7855711422845691,RFC5/POL2/APN1/RAD27
63,Base excision repair,-1.111595636470686,0.306640625,POL30/POL3/POL31/RFC5/APN1
69,Base excision repair,-0.9566945450116393,0.5179282868525896,POL3/APN1/POL31/RFC5
75,Base excision repair,-0.8906202772050722,0.6377118644067796,POL3/DPB2/APN1/POL31/RFC5
81,Base excision repair,-1.107042161905169,0.31411530815109345,POL30/POL3/APN1/POL31/RFC5
87,Base excision repair,-1.4386704424285042,0.0705244122965642,CDC9/POL3/POL31/APN1/RFC5/RAD27
93,Base excision repair,-1.570217993589108,0.0276821959864429,RFC3/POL30/RFC4/DPB4/POL31/DPB2/RAD27/RFC5/APN1
3,Biosynthesis of cofactors,-1.517823843058261,0.005439876429809228,ALD4/ADE3/SER1/PAN5/HFD1/MET7/PHO8/BNA4/HEM14/BNA1/COQ5/SAM1/CAB2/GSH2/SHM1/COQ4/HEM2/GSH1/CPA2/ALD2/FAD1/FMS1/SHM2/URA8/HEM3/PDX3/HEM15/BNA6/CPA1/SEC53/ALD5/BAT1/RIB5/PSA1/ALD3/RIB4/YCP4/URA2/CAT5/ALD6/PNC1/ADH6/FMN1/ECM31/MET8/RIB2/DFR1/852900/FOL3/BNA5/URA4/URA7/HEM12/URA1/FAP7/RIB1/NMA1/ABZ2/URA6/FOL1/QNS1/THI6
9,Biosynthesis of cofactors,-0.8636272938939391,0.7673469387755102,BNA5/URA6/SHM2/ALD4/NFS1/ALD6/ADK2/URA7/PNC1/DFR1/HEM15/CPA2/URA2/ALD2/MIS1/852900/SAM1/ABZ2/MET7/URA4/FAP7/SEC53/PAN5/BAT1/ECM31/QNS1/FOL3/URA1/THI6/HEM12/NMA1/RIB1/COX15/ADE3/FOL1/BAT2/RIB5/ALD3/COQ4/ALD5/GSH2/BNA6/FMN1
15,Biosynthesis of cofactors,-1.17307831358227,0.18665276329509906,PSA1/THI6/MET7/NFS1/UTR1/FAP7/RIB5/URA8/MET8/CPA1/ALD4/CEM1/LPD1/FMN1/SEC53/URA5/HFD1/DFR1/RIB2/FOL2/SER1/RIB4/HEM1/ADK2/FOL1/COQ3/CAT5/URA4/BAT2/HEM15/URA1/ALD3/GSH2/NPT1/COX15/FMS1/ADE3/COQ5/HEM2/ALD5/BNA6
21,Biosynthesis of cofactors,1.3405715426320972,0.04262295081967213,ALD5/FMS1/HEM2/NMA2/COQ5/URA1/ADE3/FOL1/NPT1/URA8/BNA6/CAT5/DFR1/MET8/SER1/RIB2/CEM1/HEM13/HEM1/CAB4/HEM14/ABZ2/ADK2/THI6/URA6/PMI40/GSH2/BNA4/HFD1/LPD1/852900/ADH6/ECM31/HEM4/SHM1/LIP5/FMN1/RIB1/URA4/BAT1/SAM1/URA7/YCP4/UTR1/ADK1/CPA2/MET7
27,Biosynthesis of cofactors,1.1225698156107826,0.25576730190571717,FMS1/ALD5/BNA6/HEM2/URA1/ADE3/HEM15/COQ5/CAT5/NMA2/NPT1/CEM1/URA8/FOL1/ALD3/SER1/DFR1/ABZ2/RIB2/GSH2/HEM1/BNA4/CAB4/HEM13/FMN1/ECM31/URA6/GSH1/ADK2/PMI40/RIB5/COX15/MET7/CAB1/HEM4/BAT1/852900/URA4/SEC53/UTR1/SHM1/HFD1/YCP4/PHO8/CPA1/SAM1/THI6
33,Biosynthesis of cofactors,1.1741091991831119,0.16983016983016982,HEM2/FMS1/COQ5/ADK2/PNC1/COX15/PAN6/URA8/ALD5/FOL1/HEM1/ECM31/ADE3/UTR1/DFR1/ABZ2/URA1/RIB2/HEM14/ALD2/852900/CAB2/HEM13/CPA1/THI6/NPT1/SER1/RIB1/PHO8/CAT5/HFD1/MET7/RIB4/BNA4/PDX3/LPD1/SAM1/NMA2/URA5/MET8/FOL2/LIP5/NFS1/BNA5/URA7/SAM2/BAT1/SHM2/ADH6/URA4/ADE12/SHM1/GSH1/COQ3/YCP4
39,Biosynthesis of cofactors,1.1414352579227907,0.2087912087912088,HEM2/FMS1/COQ5/PAN6/ADE3/ALD5/ECM31/COX15/URA8/HEM1/URA1/FOL1/DFR1/ABZ2/RIB2/FOL2/SER1/HEM14/NPT1/SAM1/GSH1/HEM13/PNC1/THI6/UTR1/ADK2/CPA1/HFD1/CAB2/LPD1/CAT5/852900/MET7/BNA4/PHO8/BAT1/ALD2/PDX3/NFS1/BNA5/CAB4/MET8/NMA2/ADH6/COQ3/URA7/PMI40/ADK1/PSA1/SHM1/MIS1/RIB1/GUS1/SHM2
45,Biosynthesis of cofactors,1.235346542489022,0.09797979797979799,ALD5/FMS1/COQ5/BNA6/PAN6/HEM2/FOL1/UTR1/HEM15/COX15/ADE3/URA1/DFR1/ECM31/FMN1/NPT1/RIB2/CPA1/SER1/BNA4/URA8/CAT5/THI6/CEM1/ADK2/FOL2/HEM13/PHO8/PSA1/LPD1/MET7/ADH6/HFD1/ABZ2/YCP4/URA7/HEM14/RIB5/MET8/ALD3/852900/URA6/SHM1/ALD2/SAM1/BAT2/LIP5/COQ4/NFS1/RIB1/GSH1/MIS1/FOL3/SNZ1/CPA2/HEM1/RFS1/COQ3/ADE12/GUS1/GSH2/BNA5/FAD1/CAB4/URA2
51,Biosynthesis of cofactors,1.0153645750002633,0.44983089064261556,ALD5/COQ5/FMN1/PAN6/HEM15/GSH2/COX15/ALD3/SER1/URA8/BNA4/DFR1/URA1/NPT1/RIB2/SNZ1/COQ4/CPA1/BAT2/HFD1/FOL2/CEM1/SEC53/RFS1/ABZ2/PSA1/FAD1/ADH6/UTR1/URA4/FOL1/RIB5/CAB1/THI6/NFS1/URA7/SHM1/HEM13
57,Biosynthesis of cofactors,-0.8021178169458051,0.8896247240618101,CAB4/URA8/HFD1/ADK2/CAT5/URA4/NPT1/CAB3/URA1/HEM1/NMA1/GSH2/HEM2/ABZ2/CEM1/COX15/ADE3/BNA6/FMS1
63,Biosynthesis of cofactors,-0.7832652460671975,0.9143468950749465,PST2/QNS1/RIB4/CAB2/ALD4/MET8/SAM2/ADK2/HEM14/SHM1/PAN5/PSA1/FAD1/COQ4/CAB1/HFD1/RIB5/COQ3/HEM1/SEC53/SER1/URA8/CAT5/CAB3/NPT1/ALD3/COX15/URA4/BAT2/PAN6/HEM2/NMA1/ADE3/GSH2/BNA6/CEM1/FMS1
69,Biosynthesis of cofactors,-1.1997163475822505,0.1348314606741573,PAN6/QNS1/RFS1/NPT1/URA8/CAB2/SER1/CAB1/RIB5/SAM2/SEC53/FAD1/URA1/URA4/NMA1/COQ5/CEM1/GSH2/COQ4/ALD3/BNA6/FMS1/ALD5
75,Biosynthesis of cofactors,-1.4834693386406563,0.0076576477802986,URA5/SAM2/URA1/RIB5/HEM12/COQ5/SER1/QNS1/SEC53/RIB2/CEM1/CAB2/URA4/HEM2/NMA1/CAB1/RFS1/FAD1/GSH2/COQ4/FMS1/ALD3/BNA6/ALD5
81,Biosynthesis of cofactors,-1.2711274701104085,0.07459677419354839,FOL3/ALD4/ADK2/HEM1/PSA1/FOL1/HFD1/QNS1/CAB2/CAB3/COQ3/ECM31/NFS1/SEC53/SAM2/URA8/COX15/YCP4/RIB5/CAT5/SER1/THI6/SAM1/NPT1/BNA7/PAN6/RIB2/URA1/FAD1/COQ4/HEM2/NMA1/COQ5/GSH2/BNA6/ALD3/FMS1
87,Biosynthesis of cofactors,-1.0114915702210008,0.40703517587939697,MIS1/URA8/SHM2/HEM1/UGP1/BNA7/CAT5/PSA1/CAB3/SAM1/RIB1/HEM12/ADE13/FAD1/YCP4/URA5/RFS1/SER1/CAB2/COQ5/RIB4/RIB2/QNS1/BNA5/CAB1/PAN6/PAN5/COX15/RIB5/NMA1/COQ4/FOL2/ABZ2/ALD3/GSH2/FMS1
93,Biosynthesis of cofactors,-0.7913144506780675,0.8751835535976505,ADK2/FMS1/ADE13/COX15/CAB3/UGP1/ALD4/CAT5/ECM31/PAN5/HEM13/CAB2/RIB1/RFS1/BNA5/MET7/ABZ2/URA7/FOL2/ALD3/GSH2/NMA1
3,Biosynthesis of nucleotide sugars,-1.0329532332592204,0.4389312977099237,PMI40/PGM2/GNA1/PGI1/HXK1/GLK1/HXK2/QRI1/PCM1/SEC53/PSA1/GFA1
9,Biosynthesis of nucleotide sugars,-1.1732962246468375,0.2659698025551684,SEC53/GFA1/PCM1/HXK1/PGI1
15,Biosynthesis of nucleotide sugars,-1.1109124970451842,0.3472750316856781,PGM1/SEC53/GFA1/GLK1/PGI1/HXK1
21,Biosynthesis of nucleotide sugars,1.0836337855753237,0.36065573770491804,HXK1/PGI1/GFA1/PMI40/PGM2/HXK2/GLK1/SEC53/GNA1
27,Biosynthesis of nucleotide sugars,0.9923836541439929,0.5016797312430011,HXK1/PGI1/GFA1/HXK2/PMI40/SEC53/PGM2/GLK1
33,Biosynthesis of nucleotide sugars,1.0159722737818477,0.44782608695652176,HXK1/GFA1/EMI2/GLK1
39,Biosynthesis of nucleotide sugars,0.7936800424509405,0.7588805166846071,HXK1/GFA1/GLK1/HXK2/EMI2/PGM2/PMI40/PSA1/PGI1/QRI1/PCM1
45,Biosynthesis of nucleotide sugars,0.9817472613989263,0.5201421800947867,PGI1/HXK1
51,Biosynthesis of nucleotide sugars,1.0139559377667229,0.45673758865248226,PGI1/HXK1/SEC53/PSA1/EMI2/GLK1
57,Biosynthesis of nucleotide sugars,-1.5363292980944796,0.030072534772501148,PMI40/GNA1/PGM2/SEC53/EMI2/GFA1/GLK1/HXK1/PGI1
63,Biosynthesis of nucleotide sugars,-1.5762212807878886,0.038846975342150106,PGM2/PGM1/PSA1/SEC53/EMI2/GFA1/GLK1/HXK1/PGI1
69,Biosynthesis of nucleotide sugars,-1.436417098401925,0.08888888888888889,PGM2/PSA1/UGP1/QRI1/PCM1/GLK1/GFA1/EMI2/SEC53/HXK1/PGI1
75,Biosynthesis of nucleotide sugars,-1.464221617670685,0.06609808102345416,PGM2/GLK1/UGP1/PSA1/QRI1/GFA1/PCM1/EMI2/SEC53/HXK1/PGI1
81,Biosynthesis of nucleotide sugars,-1.5762682958362824,0.05533596837944664,PCM1/UGP1/PMI40/QRI1/PGM2/EMI2/PSA1/SEC53/GFA1/GLK1/HXK1/PGI1
87,Biosynthesis of nucleotide sugars,-1.4162377467787455,0.07706422018348624,QRI1/UGP1/PSA1/EMI2/PCM1/HXK1/PGI1
93,Biosynthesis of nucleotide sugars,-0.8246874661707094,0.688663282571912,PSA1/PMI40/PGM2/QRI1/PCM1/UGP1/EMI2/PGI1
3,Carbon metabolism,-0.9732968800614163,0.5493107104984093,DAK1/TDH1/GLK1/SOL3/SHM1/SER33/IDH2/GCV1/HXK2/ILV1/PDB1/TKL1/NQM1/PDA1/CTT1/SHM2/GCV2/SDH1/PYC1/PRS5/PYC2/PRS3/IDP1/MDH2/SOL2/TDA10/GND1/TPI1/GPM2/SOL1/PYK2/EHD3/PDH1/ALT1/SOL4/853377/CHA1/GPM3/SDH2/SER2/PRS2
9,Carbon metabolism,-0.7919554137844727,0.8546571136131014,PYC1/SOL1/MDH2/853377/PRS5/PYK2/CTT1/GND1/SDH2/PRS2/GCV1/SER2/NQM1/SER3/GCV2/TKL2/HXK1/SOL4/PRS4/PRS3/PGI1
15,Carbon metabolism,-0.9243259682036762,0.6326742976066597,IDP1/ALT1/PRS2/PYC2/TAL1/SER2/MDH2/LPD1/PDH1/MDH3/MDH1/GCV1/TDA10/LSC2/MAE1/GLK1/ZWF1/TDH3/PDB1/SDH2/RPE1/FBA1/SER1/IDH2/PRS4/CTT1/MCY1/TKL2/IDP3/853377/PGI1/NQM1/HXK1/PRS3
21,Carbon metabolism,1.216939724971476,0.15570175438596492,PRS3/EHD3/NQM1/HXK1/PGI1/SDH2/853377/CIT2/TPI1/GND2/IDH2/IDP3/TDA10/MCY1/PDA1/SER1/ZWF1/RKI1/PDB1/SER3/MDH2/TAL1/CDC19/LPD1/ILV1/MDH3/HXK2/ACS2/PYC2/CHA1/SHM1/PYK2/DAK1/GLK1/ALT1/SDH1/GCV2/AAT2/PRS4/PYC1/SFA1/LSC2/KGD1/TKL1/SDH3/SER33/RPE1/SER2/PGK1/SOL3/CTT1/IDP1/GND1
27,Carbon metabolism,1.0240375775771744,0.46727089627391744,PRS3/ACS1/EHD3/853377/HXK1/PGI1/SDH2/NQM1/CIT2/TPI1/IDH2/IDP3/SER1/TDA10/ZWF1/GND2/MCY1/PDA1/PDB1/SER3/CTT1/TAL1/RKI1/CDC19/MDH2/ACS2/PRS2/ILV1/PYC2/CHA1/MDH3/HXK2/GLK1/MAE1/SHM1/RPE1/GCV2/SDH1/DAK1/ALT1/SER33/LAT1/LPD1/TKL1/PYK2/AAT2
33,Carbon metabolism,0.8333984537106707,0.8241758241758241,PRS3/NQM1/HXK1/CHA1/SFA1/EHD3/SDH2/RPE1/IDH2/EMI2/IDP3/GLK1/MCY1/GPM3/PYK2/TPI1/SER1/PDA1/MDH2/DAK1/GCV2/LPD1/TAL1/PGI1/PRS5/RKI1/SOL2/LAT1/ZWF1/SDH4/GND2/SHM2/PDH1/ACS2/PYC1/PYC2/ACS1/SHM1/CDC19/ILV1/PDB1/SDH1/LSC1/IDP1/KGD1/ALT1/AAT2
39,Carbon metabolism,0.8272409601899013,0.8351648351648352,PRS3/NQM1/HXK1/RPE1/EHD3/CHA1/SDH2/SFA1/CDC19/RKI1/MCY1/SER1/ZWF1/IDH2/GND2/GCV2/PYK2/TAL1/LPD1/TPI1/IDP3/SOL2/MDH2/DAK1/GLK1/PDA1/PDH1/MDH3/LAT1/ACS2/PYC2/HXK2/PYC1/LSC1/EMI2/PDB1/ILV1/PFK1/TKL1/IDH1/SHM1/SHM2/ACO1/SER3/SDH4/PFK2/SOL1/KGD1/SDH1/AAT2/PGK1/PGI1/TDH3/PRS5/SER33/GCV1/TDH1
45,Carbon metabolism,1.0586167581837664,0.3765182186234818,PRS3/PGI1/HXK1/NQM1/853377/PRS2/CHA1/IDP3/SDH2/RPE1/SFA1/TDA10/MET17/GLK1/TPI1/PDA1/SER1/MAE1/TDH3/EHD3/SER3/PRS4/DAK1/ZWF1/MCY1/PRS5/PYK2/LPD1/IDH2/PDB1/TAL1/SDH4/PDH1/RKI1/LAT1/SHM1/ILV1/SER33/ACS2
51,Carbon metabolism,0.6012021937324363,0.9897843359818388,PRS3/PGI1/NQM1/HXK1/MET17/CHA1/PRS2/SER1/RPE1/TDH3/PDA1/SDH2/MCY1/PRS4/TPI1/PDB1/PYK2/SDH3/GND1/LAT1/TKL2/DAK1/EMI2/SHM1/TAL1/KGD1/GLK1/CIT2/GND2/ENO1/FUM1/PGK1/ILV1/GCV1
57,Carbon metabolism,-1.0541620769294033,0.34146341463414637,TPI1/TAL1/DAK1/AAT2/EMI2/GPM3/ACS1/EHD3/TDH3/ENO2/SER1/MDH3/MDH2/LAT1/ZWF1/MAE1/CDC19/TDA10/IDH2/GLK1/IDP3/853377/SER3/TDH2/HXK1/NQM1/PGI1
63,Carbon metabolism,-1.4043219456787925,0.031710202373106615,ACS1/GND1/EMI2/MET17/MDH3/LAT1/CIT2/MDH2/ZWF1/SER1/GLK1/TKL2/TDH3/GPM3/IDP3/MAE1/TDA10/CTT1/SER3/853377/TDH2/NQM1/HXK1/PGI1/PRS3
69,Carbon metabolism,-1.3923882509630414,0.020133256474708015,IDH1/TDH1/SOL2/PYK2/PDB1/851835/ACS2/SDH4/LPD1/IDP1/GPM2/PFK1/RKI1/SOL1/PRS5/CIT1/DAK1/TPI1/GLK1/MDH2/ENO1/SOL4/ENO2/IDP3/FUM1/SER2/ZWF1/LAT1/MDH3/SER1/TDH3/EMI2/TKL2/CIT2/GND1/PRS4/TDA10/CTT1/NQM1/SER3/HXK1/853377/ACS1/TDH2/PGI1/PRS3
75,Carbon metabolism,-1.557564603362499,0.003672279569074089,MCY1/SHM2/IDH2/TPI1/ZWF1/SOL2/GPM2/PDA1/PRS5/ENO2/MDH3/FUM1/LAT1/EMI2/SER1/SDH2/CTT1/GND1/MET17/NQM1/PRS4/TDA10/HXK1/SER3/IDP2/TDH2/853377/TKL2/PRS3/PGI1
81,Carbon metabolism,-1.4162620829842427,0.02927096431153956,MDH2/SHM2/PRS5/TPI1/ZWF1/EMI2/SOL4/GPM2/DAK1/GND2/GND1/PYK2/PDB1/EHD3/LAT1/MDH3/ENO2/GLK1/CDC19/IDP3/SER1/PDA1/IDH2/MCY1/RPE1/SDH2/TKL2/IDP2/SER3/PRS4/CTT1/NQM1/HXK1/TDH2/PGI1/PRS3
87,Carbon metabolism,-1.5493511448806563,0.008331515495892868,SHM2/PRS2/ENO2/EHD3/DAK1/IDP3/MDH3/SDH2/RPE1/CDC19/851835/IDP2/SDH3/NQM1/PDA1/IDP1/CHA1/CTT1/LAT1/SER1/EMI2/TDH3/GCV2/GPM2/GCV3/SER2/TKL2/PRS5/MET17/HXK1/PRS4/SER3/PRS3/PGI1
93,Carbon metabolism,-1.2238615633308851,0.14540059347181009,LSC2/PYK2/LPD1/LAT1/GCV3/IDP3/KGD2/SOL3/SDH2/MDH2/SFA1/KGD1/ALT1/IDP1/ACS1/PRS5/PYC1/EHD3/NQM1/RKI1/PDH1/EMI2/GND2/ERG10/GCV2/MDH1/PRS4/SER2/SOL2/PRS3/MET17/TKL2/851835/SER3/PGI1/TDH2
3,DNA replication,-1.739013396421735,0.0025251438747641605,RFC5/RFA1/POL30/MCM5/POL12/PRI1/RFC2/MCM2/RAD27/POL1/DPB4/CDC9/MCM7/RFA2/DPB2/POL3/RFC4/RNH201
9,DNA replication,-1.2629161874564923,0.16308040770101925,MCM3/MCM5/POL12/MCM7/MCM2/RFC2/POL1/POL31/RFC4/MCM4/RFA2/PRI1/CDC9/DPB2/RFC5/RNH201
15,DNA replication,-0.8625796228184023,0.684964200477327,DPB4/MCM5/DPB2/MCM7/POL3/POL1/MCM2/CDC9/RFA1/RFC5/POL31/POL30
21,DNA replication,-0.8385985144132795,0.7389380530973452,RFA2/POL2/DPB3/RFA1/RFC5/POL31/RAD27
27,DNA replication,1.1548681456563694,0.2901833872707659,RAD27/POL1/MCM4/POL30/RNH201/RFC5/POL31/POL3/RFA1/POL2/PRI1/MCM3/RFC3/CDC9
33,DNA replication,1.7141585333050697,0.004250241361053662,POL1/RAD27/PRI1/RNH201/MCM4/POL3/MCM5/RFC4/MCM6/MCM7/RFC3/POL30/RFA1/POL2/CDC9/DPB4/MCM3/RFA2
39,DNA replication,1.5971858397066294,0.009302459847060233,POL1/RAD27/POL2/MCM4/RNH201/PRI1/POL3/MCM5/MCM6/RFC4/POL12/CDC9/RFA1/MCM7/MCM3/RFC3/MCM2/DPB4/RFC2/RFA2/POL31
45,DNA replication,1.4170069669905583,0.0462046204620462,RAD27/POL1/MCM4/POL3/RNH201/PRI1/RFC4/RFA1/POL30/MCM6/RFC5/POL2/MCM3/RFA2
51,DNA replication,1.3947647185677134,0.059366754617414245,RAD27/POL1/RFA1/MCM4/POL3/RFC5/RFC4/MCM6/POL30/PRI1/POL31
57,DNA replication,1.3806321389821266,0.09386973180076628,POL3/POL1/RNH201/MCM4/POL30/RFA1/DPB3/RFA2/MCM3/PRI1/MCM6/POL31/CDC9/RFC3
63,DNA replication,0.9305830792701616,0.5431372549019607,RAD27/MCM4/RNH201/POL1
69,DNA replication,0.9019801956406273,0.6252285191956124,RAD27/DPB3/MCM4/POL1/RNH201
75,DNA replication,0.9860086221022412,0.5055555555555555,RAD27/RNH201/MCM4/DPB3/POL1
81,DNA replication,0.9584458001842004,0.5365853658536586,RAD27/RNH201/MCM4/DPB3
87,DNA replication,-0.995039696150277,0.44642857142857145,MCM7/MCM3/CDC9/POL3/POL1/POL31/RFC5/RAD27
93,DNA replication,-1.3785698025761002,0.0915032679738562,RFC3/POL30/POL1/RFC4/RFA1/MCM7/DPB4/POL31/DPB2/MCM5/RNH201/RAD27/RFC5
3,Fatty acid metabolism,-0.8506268605535277,0.6806615776081425,FAS2/ACC1/TSC13/IFA38/FAS1/FAA1/FAA4/ETR1/ELO2/FAA3/MCT1
9,Fatty acid metabolism,-1.173472546824969,0.2659698025551684,ETR1/FAS1/FAA3/OLE1/TSC13/ELO1/MCT1/IFA38
15,Fatty acid metabolism,-1.292953036387317,0.14702154626108999,ERG10/TSC13/ETR1/CEM1/FAA3/IFA38/FAS1/ELO2/ELO1
21,Fatty acid metabolism,-1.4816164492621011,0.029644673111472675,TSC13/IFA38/ELO2/ELO1
27,Fatty acid metabolism,0.849028399270021,0.6998880179171333,ELO2/FAS1/IFA38/CEM1
33,Fatty acid metabolism,0.8556800608601693,0.6706521739130434,ELO2/FAS1/ELO1
39,Fatty acid metabolism,0.721673949598632,0.8406889128094726,ELO2/FAS1/ELO1/FAA4/ETR1/FAA1/MCT1/FAA3/ACC1/FAS2/IFA38/OLE1/ERG10
45,Fatty acid metabolism,1.1233550761559898,0.33886255924170616,ELO1/ELO2/FAS1
51,Fatty acid metabolism,-1.7620407113929377,0.012033292749385943,ERG10/TSC13/FAS1/ELO2/ELO1
57,Fatty acid metabolism,-1.703399348848618,0.007070340201788872,CEM1/FAS1/ELO2/ELO1
63,Fatty acid metabolism,-1.3908547818854329,0.08481262327416174,IFA38/FAS1/CEM1/ELO1
69,Fatty acid metabolism,-1.9054098604457945,0.0018428616564350017,TSC13/FAS1/IFA38/ELO2/CEM1/ELO1
75,Fatty acid metabolism,-1.718120856199106,0.00928473069420802,TSC13/FAS1/CEM1/ELO2/IFA38/ELO1
81,Fatty acid metabolism,0.9343609477499991,0.5584677419354839,ELO1/CEM1
87,Fatty acid metabolism,1.0076320713250928,0.4420131291028446,ELO1/OLE1/CEM1/IFA38
93,Fatty acid metabolism,0.9825152757920605,0.4744525547445255,ELO1
3,Fructose and mannose metabolism,-0.7292200712459797,0.8295165394402035,PMI40/PFK2/FBA1/PFK1/HXK1/DAK1/GLK1/HXK2/SEC53/PSA1/TPI1
9,Fructose and mannose metabolism,-0.8580753202083817,0.6945412311265969,FBA1/GLK1/PFK2/PFK1/EMI2/SEC53/HXK1
15,Fructose and mannose metabolism,-0.7075129985057659,0.8504435994930292,SEC53/GLK1/FBA1/HXK1
21,Fructose and mannose metabolism,1.0352723340987653,0.4166666666666667,HXK1/TPI1/FBP26/PMI40/HXK2/DAK1/GLK1
27,Fructose and mannose metabolism,0.9704070855661653,0.5319148936170213,HXK1/TPI1/FBP26/HXK2/PMI40/SEC53/GLK1/DAK1
33,Fructose and mannose metabolism,1.075432957984158,0.3630434782608696,HXK1/EMI2/GLK1/FBP26/TPI1/DAK1
39,Fructose and mannose metabolism,1.2011694044030885,0.2303552206673843,HXK1/FBP26/TPI1/DAK1/GLK1/851059/HXK2/EMI2/PFK1/PMI40/PSA1/PFK2
45,Fructose and mannose metabolism,1.1325971570942084,0.3353080568720379,HXK1/GLK1/TPI1/DAK1/PSA1
51,Fructose and mannose metabolism,1.0397172130067207,0.425531914893617,HXK1/SEC53/TPI1/PSA1/DAK1/EMI2/GLK1
57,Fructose and mannose metabolism,-1.5295620376725785,0.03249934112878609,PMI40/FBP26/TPI1/SEC53/DAK1/EMI2/PFK26/GLK1/HXK1
63,Fructose and mannose metabolism,-1.507345977271549,0.05308074218009491,DAK1/PFK26/TPI1/PSA1/SEC53/851059/EMI2/GLK1/HXK1
69,Fructose and mannose metabolism,-1.261917339435075,0.19393939393939394,HXK2/PFK26/PSA1/PFK1/851059/DAK1/TPI1/GLK1/EMI2/SEC53/HXK1
75,Fructose and mannose metabolism,-1.1629892316642145,0.26865671641791045,HXK2/851059/FBP26/GLK1/PSA1/PFK26/PFK1/TPI1/EMI2/SEC53/HXK1
81,Fructose and mannose metabolism,-1.585951048404715,0.03119859260309024,FBP26/TPI1/EMI2/DAK1/PSA1/SEC53/GLK1/PFK26/HXK1
87,Fructose and mannose metabolism,-1.036897810681492,0.41100917431192663,PFK1/TPI1/851059/PMI40/DAK1/PFK26/PSA1/FBP26/EMI2/HXK1
93,Fructose and mannose metabolism,0.9167737245128248,0.5620437956204379,HXK1/PFK26
3,Glycolysis / Gluconeogenesis,-0.7209292297970391,0.8650519031141869,ALD4/HXK1/HFD1/ADH1/TDH1/GLK1/ADH3/HXK2/ADH5/ALD2/PDB1/PDA1/ALD5/ALD3/ALD6/TPI1/GPM2/ADH6/PDC5/PYK2/GPM3
9,Glycolysis / Gluconeogenesis,-0.9684150035431462,0.5463467829880043,PDC1/ALD3/ALD5/HXK1/PGI1/PDC5
15,Glycolysis / Gluconeogenesis,-1.1120717383303997,0.3096846846846847,ALD4/LPD1/PGM1/ADH4/GLK1/HFD1/TDH3/PDB1/PDC1/FBA1/ALD3/ALD5/PGI1/PDC5/HXK1
21,Glycolysis / Gluconeogenesis,1.0584460766093504,0.3843329253365973,ALD5/HXK1/PGI1/TPI1/PDA1/PDB1/HFD1/CDC19/PGM2/LPD1/HXK2/ADH6/ACS2/PYK2/GLK1/PDC1
27,Glycolysis / Gluconeogenesis,0.886106232091986,0.6798336798336798,ACS1/ALD5/HXK1/PGI1/TPI1/ALD3/PDC5/PDA1/PDB1/CDC19/ACS2/HXK2/PGM2/GLK1/HFD1/PDC1/LAT1/LPD1/PYK2/ADH6/ADH5/SFA1
33,Glycolysis / Gluconeogenesis,0.884080781950652,0.7124117053481333,HXK1/ALD5/SFA1/EMI2/GLK1/ALD2/GPM3/PYK2/TPI1/HFD1/PDA1/LPD1/PGI1/LAT1/ADH6/ACS2/PGM2/ACS1/CDC19/PDB1/ALD6
39,Glycolysis / Gluconeogenesis,0.8811175236555018,0.7011033099297894,HXK1/ALD5/SFA1/CDC19/PYK2/HFD1/LPD1/TPI1/GLK1/PDA1/ALD2/LAT1/ACS2/HXK2/ADH6/EMI2/PDB1/PGM2/PFK1/ADH1/PFK2/PGK1/PGI1/TDH3/ALD6/TDH1
45,Glycolysis / Gluconeogenesis,1.097601027373855,0.34006376195536664,ALD5/PGI1/HXK1/PDC5/SFA1/GLK1/TPI1/PDA1/TDH3/PYK2/LPD1/ADH6/HFD1/PDB1/PDC1/ADH4/LAT1/ALD3/ALD2/ACS2
51,Glycolysis / Gluconeogenesis,0.8363385879067315,0.7447073474470735,ALD5/PGI1/HXK1/ALD3/TDH3/PDA1/HFD1/TPI1/PDB1/PYK2/ADH6/LAT1/EMI2/GLK1/ENO1/ALD4/PGK1/PDC5
57,Glycolysis / Gluconeogenesis,-1.2455609447510658,0.1419068736141907,SFA1/ALD6/PDB1/PGM2/TPI1/EMI2/GPM3/ACS1/ADH4/TDH3/ENO2/PDC1/LAT1/HFD1/CDC19/GLK1/TDH2/HXK1/PGI1
63,Glycolysis / Gluconeogenesis,-1.2313461918572524,0.15702479338842976,PYK2/SFA1/ENO1/ALD4/PGM2/ACS2/PGM1/TPI1/ENO2/HFD1/ACS1/ADH4/EMI2/LAT1/GLK1/TDH3/GPM3/ALD3/PDC1/TDH2/HXK1/PGI1
69,Glycolysis / Gluconeogenesis,-1.6420477163949043,0.0045155093548029795,PGM2/TDH1/PYK2/PDB1/ACS2/LPD1/GPM2/PFK1/ADH1/TPI1/HFD1/GLK1/ADH5/855125/ENO1/ENO2/ALD4/LAT1/ADH3/TDH3/EMI2/PDC1/ADH4/HXK1/ACS1/TDH2/ALD3/ALD5/PGI1
75,Glycolysis / Gluconeogenesis,-1.7754759896820727,0.002575547555796819,TPI1/GPM2/ALD4/PDA1/ADH3/ENO2/855125/LAT1/EMI2/PDC1/HXK1/TDH2/ALD3/ALD5/PGI1
81,Glycolysis / Gluconeogenesis,-1.6414509291044088,0.009340754242029112,PGM2/ADH5/ACS2/SFA1/LPD1/855125/TPI1/ADH3/EMI2/ALD4/GPM2/PYK2/HFD1/PDB1/LAT1/ENO2/GLK1/CDC19/PDA1/PDC5/PDC1/HXK1/ALD3/TDH2/PGI1
87,Glycolysis / Gluconeogenesis,-1.3895390907188458,0.06343906510851419,CDC19/855125/PDA1/ADH5/LAT1/EMI2/TDH3/GPM2/ADH3/PDC5/PDC1/ALD3/HXK1/PGI1
93,Glycolysis / Gluconeogenesis,-1.1388688105908658,0.25241157556270094,PDC1/ALD3/PDC5/PGI1/TDH2
3,Histidine metabolism,-1.356417009671712,0.10512483574244415,ALD4/HIS4/HFD1/HIS5/ALD2/ALD5/ALD3/HIS7/ALD6/HIS2
9,Histidine metabolism,-1.5130597188505555,0.03523693803159174,HIS2/ALD3/HIS5/ALD5/HIS1
15,Histidine metabolism,-1.3358042109316306,0.1095360824742268,ALD4/HIS2/HFD1/ALD3/HIS1/ALD5/HIS5
21,Histidine metabolism,1.1360828150044138,0.3093622795115332,ALD5/HIS5
27,Histidine metabolism,1.1745677430830144,0.23920653442240372,HIS5/ALD5
33,Histidine metabolism,1.0838066778623714,0.36670416197975253,ALD5/ALD2/HFD1/HIS4/HIS5
39,Histidine metabolism,0.7642614239085512,0.7858744394618834,ALD5/HFD1/HIS4/ALD2/HIS5
45,Histidine metabolism,1.1368096704798367,0.3177914110429448,ALD5/HIS5
51,Histidine metabolism,1.2493193647798653,0.20833333333333334,ALD5/HIS5/ALD3/HFD1/HIS1
57,Histidine metabolism,1.2067895949047553,0.23809523809523808,HIS5/ALD5/HIS1
63,Histidine metabolism,0.786618675605816,0.7556935817805382,ALD5/HIS1
69,Histidine metabolism,-1.9673901027475575,6.962280854115267e-4,HIS2/HIS1/ALD3/HIS5/ALD5
75,Histidine metabolism,-1.4872269657945953,0.07520325203252033,HIS2/HIS1/ALD3/ALD5
81,Histidine metabolism,-0.9331036127340121,0.5528942115768463,HIS2/HIS1/ALD3
87,Histidine metabolism,-0.9756454127206494,0.4861878453038674,HIS2/ALD3/HIS1
93,Histidine metabolism,-0.9702147614517918,0.4991596638655462,HIS2/ALD3/HIS1
3,Mismatch repair,-1.4709010186598694,0.05717916137229987,MSH2/RFC5/RFA1/POL30/RFC2/CDC9/RFA2/POL3/RFC4
9,Mismatch repair,-1.2851653004955412,0.1511216056670602,RFC2/MSH6/POL31/RFC4/RFA2/CDC9/MSH2/RFC5
15,Mismatch repair,-1.559921994821549,0.02483319974678365,POL3/MSH6/CDC9/RFA1/RFC5/MSH2/POL31/POL30
21,Mismatch repair,-1.1566757996827446,0.2391304347826087,MSH6/RFA2/RFA1/RFC5/POL31/MSH2
27,Mismatch repair,1.1297582516908498,0.30690826727066817,POL30/RFC5/POL31/MSH2/POL3/RFA1
33,Mismatch repair,1.5445917727573804,0.037527593818984545,POL3/RFC4/MSH2/RFC3/POL30/RFA1/CDC9/MSH6/RFA2
39,Mismatch repair,1.362539314172999,0.09549945115257959,MSH2/POL3/RFC4/CDC9/RFA1/MSH6/RFC3/RFC2/RFA2/POL31
45,Mismatch repair,1.2424753499674412,0.19855595667870035,POL3/MSH2/RFC4/RFA1/POL30/RFC5/RFA2
51,Mismatch repair,1.1099444711332207,0.3372093023255814,RFA1/POL3/RFC5/RFC4/POL30/POL31
57,Mismatch repair,1.1993053170257646,0.23366336633663368,POL3/POL30/RFA1/RFA2/POL31/CDC9/MSH6/RFC3
63,Mismatch repair,-1.7365859225184488,0.00876164727481602,RFA2/POL30/RFA1/POL3/POL31/RFC5/MSH2
69,Mismatch repair,-1.8056575470022158,0.0063866753199080546,POL30/RFA1/POL3/MSH2/POL31/RFC5
75,Mismatch repair,-1.5043536150184789,0.0574468085106383,POL30/POL3/RFA1/MSH2/POL31/RFC5
81,Mismatch repair,-1.7955902003706772,0.006867676061077363,RFA2/POL30/RFA1/MSH2/POL3/POL31/RFC5
87,Mismatch repair,-1.6397935861105055,0.011341996606866635,CDC9/POL3/POL31/MSH2/RFC5
93,Mismatch repair,-1.5099003862435851,0.05862646566164154,RFA2/CDC9/RFC2/POL3/RFC3/POL30/RFC4/RFA1/MSH6/POL31/MSH2/RFC5
3,N-Glycan biosynthesis,-1.012684875618074,0.4536213468869123,ALG5/ALG12/ALG2/OST5/DPM1/OST2/OST1/CWH41/OST3/ALG9
9,N-Glycan biosynthesis,-1.609245417904565,0.007469512541109741,ALG2/OST1/ALG9/ALG5/OST2/ALG12/OST3/OST5/WBP1
15,N-Glycan biosynthesis,-0.7837225563054883,0.7731829573934837,ALG9/STT3/DPM1/ALG5/OST3/ALG13/ALG12/WBP1
21,N-Glycan biosynthesis,1.0583937226100844,0.3875862068965517,OST5/WBP1/OST3/ALG1
27,N-Glycan biosynthesis,0.9874618746524527,0.5005574136008919,OST5/OST3/WBP1/STT3/ALG9/ALG1/ALG13/ALG5
33,N-Glycan biosynthesis,1.0579744646824785,0.3893709327548807,OST3/ALG1/CWH41/ALG9/STT3/SWP1/ROT2/OST5
39,N-Glycan biosynthesis,1.0254339565600619,0.4605543710021322,ALG1/SWP1/STT3/OST3/ROT2/CWH41/ALG9/OST5
45,N-Glycan biosynthesis,0.9455859360839511,0.5615474794841735,WBP1/OST3/STT3
51,N-Glycan biosynthesis,-0.8953789866148746,0.6007194244604317,OST5/ROT2/ALG1/ALG12/WBP1
57,N-Glycan biosynthesis,-0.9698805584725905,0.5050100200400801,ALG2/OST5/ALG1/ROT2/OST2/ALG12/CWH41/ALG9/OST3/WBP1
63,N-Glycan biosynthesis,0.6632050441175282,0.9081632653061225,STT3/OST3/ALG12/SWP1
69,N-Glycan biosynthesis,-0.9531521143660724,0.5199203187250996,ALG2/ALG5/OST5/WBP1
75,N-Glycan biosynthesis,-1.0395490550789637,0.3961864406779661,OST1/OST5/STT3/ALG13/ALG2/ALG5/WBP1
81,N-Glycan biosynthesis,-1.2211849345903842,0.20278330019880716,ALG5/ALG2/OST5/OST3/STT3/WBP1
87,N-Glycan biosynthesis,-1.5705325522200229,0.02800325864149738,OST1/OST5/ALG5/ALG2/STT3/WBP1
93,N-Glycan biosynthesis,-1.0279262059352154,0.42567567567567566,ALG5/ALG2/ROT2/OST3/CWH41/OST1/OST2/OST5/WBP1
3,Nicotinate and nicotinamide metabolism,-1.0880023838114476,0.36005089058524176,PNP1/UGA2/BNA6/PNC1/POF1/HST2/NMA1/NPY1/QNS1
9,Nicotinate and nicotinamide metabolism,-0.7181222217781683,0.8501742160278746,ISN1/UGA2/QNS1/NMA1/NPY1/POF1/BNA6
15,Nicotinate and nicotinamide metabolism,-0.9180042988169332,0.6020278833967047,HST2/UTR1/PNP1/POF1/NPT1/URH1/BNA6
21,Nicotinate and nicotinamide metabolism,1.4574925854940486,0.04918032786885246,NMA2/NPT1/BNA6/HST4/URH1
27,Nicotinate and nicotinamide metabolism,1.3461679592732836,0.10862262038073908,BNA6/NMA2/NPT1/HST4/URH1
33,Nicotinate and nicotinamide metabolism,1.3588126964437903,0.1108695652173913,PNC1/URH1/ISN1/HST4/UTR1/PNP1/NPT1/UGA2/NMA2
39,Nicotinate and nicotinamide metabolism,1.0857840682840507,0.3756727664155005,URH1/ISN1/NPT1/PNC1/UTR1/PNP1/UGA2/HST4/NMA2
45,Nicotinate and nicotinamide metabolism,1.5204427721919787,0.021554478669948186,URH1/BNA6/UTR1/NPT1/ISN1
51,Nicotinate and nicotinamide metabolism,-1.0781487947861352,0.3569023569023569,PNC1/QNS1/NPY1/NMA1/BNA6
57,Nicotinate and nicotinamide metabolism,-0.9841232259354035,0.501010101010101,NMA2/PNC1/PNP1/UGA2/NPY1/HST4/NPT1/NMA1/BNA6
63,Nicotinate and nicotinamide metabolism,-1.1243476820071463,0.3096646942800789,NMA2/POF1/QNS1/UGA2/PNP1/NPY1/ISN1/NPT1/HST4/NMA1/BNA6
69,Nicotinate and nicotinamide metabolism,-1.172740858848912,0.2545454545454545,POF1/QNS1/NPT1/PNP1/NMA1/BNA6
75,Nicotinate and nicotinamide metabolism,-1.5681565421550234,0.03365988882124448,NPT1/POF1/QNS1/URH1/HST4/NMA1/BNA6
81,Nicotinate and nicotinamide metabolism,-1.5049350950365676,0.06126482213438735,QNS1/HST4/ISN1/NPT1/URH1/NMA1/BNA6
87,Nicotinate and nicotinamide metabolism,0.8420216415143252,0.700218818380744,BNA6/NMA2/HST2
93,Nicotinate and nicotinamide metabolism,0.8086188968034617,0.7396593673965937,BNA6/QNS1
3,Nucleocytoplasmic transport,-1.2348408494357574,0.1574279379157428,POM34/MSN5/MEX67/NIC96/NUP116/NUP84/STO1/POM152/KAP95/SRP1/GSP1/CSE1/SEC13/KAP123/KAP120/NUP145/NMD5/GLE2/THO2/UBC9/NUP133/NAM7/NMD3/SUB2/GLE1/FAL1/KAP104/ASM4/GSP2/KAP114/SEH1
9,Nucleocytoplasmic transport,-1.6702354547351652,6.51414112986836e-4,NUP145/NUP53/KAP95/GLE2/MTR10/MSN5/KAP120/NUP133/NIC96/KAP114/GSP2/SEC13/NDC1/THO2/NAM7/KAP123/ASM4/UBC9/GSP1/NMD3/NMD2/NUP84/SEH1/KAP104/NMD5
15,Nucleocytoplasmic transport,-1.1307422609906643,0.28509719222462204,MLP2/TEF1/NMD5/NSP1/SRP1/GSP2/NUP1/NUP120/NUP116/MTR10/NUP145/NUP188/NUP2/GLE1/SXM1/NUP192/NUP53/UBC9/SEH1/NUP60/NUP100/NUP170/NMD2/GSP1/GLE2/NAM7/STO1/PSE1/KAP114
21,Nucleocytoplasmic transport,1.1282655727335966,0.285551763367463,PSE1/NAM7/KAP114/STO1/NUP53/UBC9/ASM4/GLE1/NUP100/MSN5/MLP2/GSP2/SUB2/NUP192/MEX67/SEH1/NMD5/GSP1/RNA1/NUP157/CBC2/POM152/NUP1/NUP170/NIC96/NUP49/MLP1/GLE2/NUP116/DBP5
27,Nucleocytoplasmic transport,0.9895249229412174,0.5220061412487206,PSE1/NAM7/KAP114/ASM4/UBC9/STO1/NUP53
33,Nucleocytoplasmic transport,1.0835101257060122,0.3393574297188755,PSE1/NAM7/KAP114/STO1/KAP104/GLE1/NDC1/ASM4/SXM1/NUP120/MEX67/SEH1/NUP84/NUP145/MTR10/NUP192/POM152/MLP2/TEF1/SUB2/THO2/NUP133/TEX1/FAL1/NMD3/POM34/GSP2/NUP116/SEC13/NUP49/NUP53/CSE1/KAP120/NIC96
39,Nucleocytoplasmic transport,0.9649364992441277,0.574,PSE1/NAM7/KAP114/STO1/NDC1/GLE1/GSP2/TEF1/NUP145/NUP84/NUP120/SXM1/MEX67/ASM4/NUP192/NUP53
45,Nucleocytoplasmic transport,1.1278224837067203,0.27966976264189886,PSE1/NAM7/KAP114/UBC9/STO1/NUP84/NUP53/GLE1/NUP120/ASM4/CSE1/SXM1/CBC2/GSP2/GLE2/NUP1/SEH1/KAP104/SRP1/SUB2/NUP145/FAL1/NMD3/MLP2/THO2/TEX1/MEX67
51,Nucleocytoplasmic transport,1.1464411499572624,0.25485436893203883,PSE1/NAM7/KAP114/FAL1/UBC9/STO1/NUP53/NUP84/GLE2/CBC2/GLE1/NUP120/NUP157/NUP170/GSP1
57,Nucleocytoplasmic transport,-1.0256513948638029,0.3972602739726027,NUP1/NUP100/GSP1/SXM1/STO1/KAP114/PSE1/UBC9
63,Nucleocytoplasmic transport,-0.9795765715527118,0.4918032786885246,SXM1/NUP145/NUP1/SEH1/NUP100/GSP1/STO1/KAP114/PSE1/UBC9
69,Nucleocytoplasmic transport,-1.3778956740617827,0.058695652173913045,KAP95/NUP188/NUP120/FAL1/NUP2/NUP116/SRP1/CRM1/SEC13/NUP145/KAP123/NUP157/NUP100/MSN5/SEH1/STO1/GSP1/KAP114/NAM7/UBC9/PSE1
75,Nucleocytoplasmic transport,-1.1539980714904539,0.20554272517321015,NIC96/KAP120/NUP2/SXM1/NUP133/NUP116/NMD3/KAP104/NMD2/KAP95/FAL1/SEC13/CRM1/KAP123/SRP1/STO1/NUP157/SEH1/NUP53/NAM7/MSN5/KAP114/PSE1
81,Nucleocytoplasmic transport,-0.6944666676317645,0.952286282306163,SXM1/FAL1/KAP123/NUP53/GSP2/SEH1/NUP120/THO2/STO1/NAM7/KAP114/PSE1
87,Nucleocytoplasmic transport,-1.3634872893473071,0.06135986733001658,SRP1/POM152/STO1/SXM1/NDC1/KAP120/THO2/NUP120/PSE1/NMD2/NUP192/GLE1/SEC13/KAP95/NMD3/MSN5/NUP53/MTR10/NMD5/SEH1/NAM7/KAP123/KAP114
93,Nucleocytoplasmic transport,-1.056050316164908,0.37538940809968846,SEH1/STO1/NUP120/POM152/NUP84/NAM7/NMD5/CSE1/SXM1/NUP133/GSP1/KAP120/NUP192/THO2/PSE1/NMD3/NMD2/KAP114/MSN5/KAP123
3,Pentose phosphate pathway,-1.2005786985280438,0.23587223587223588,GND2/PRS1/RPE1/TKL2/PGM2/PFK2/FBA1/TAL1/PFK1/PGI1/PRS4/RKI1/SOL3/TKL1/NQM1/PRS5/PRS3/SOL2/GND1/SOL1/SOL4/RBK1/PRS2
9,Pentose phosphate pathway,-1.4505106186390015,0.031710079275198186,SOL1/PRS5/GND1/PRS2/NQM1/TKL2/SOL4/PRS4/PRS3/PGI1
15,Pentose phosphate pathway,-1.1372105411209519,0.30071599045346065,PRS2/RBK1/TAL1/PGM1/ZWF1/RPE1/FBA1/PRS4/TKL2/PGI1/NQM1/PRS3
21,Pentose phosphate pathway,1.1256535072022618,0.3079896907216495,PRS3/NQM1/PGI1/GND2/ZWF1/RKI1/TAL1/PGM2
27,Pentose phosphate pathway,0.9229872342218992,0.6051779935275081,PRS3/PGI1/NQM1/ZWF1/GND2/TAL1/RKI1/PRS2
33,Pentose phosphate pathway,1.0313580480635802,0.46399176954732513,PRS3/NQM1/RPE1/TAL1/PGI1/PRS5/RKI1/RBK1/SOL2/ZWF1/GND2
39,Pentose phosphate pathway,0.9873100617143913,0.5179856115107914,PRS3/NQM1/RPE1/RKI1/ZWF1/GND2/TAL1/SOL2
45,Pentose phosphate pathway,1.2117254712767211,0.20462046204620463,PRS3/PGI1/NQM1/PRS2/RPE1/PRS4/ZWF1/PRS5/TAL1/RKI1
51,Pentose phosphate pathway,1.2923293749311116,0.11873350923482849,PRS3/PGI1/NQM1/PRS2/RPE1/PRS4/GND1/TKL2/TAL1
57,Pentose phosphate pathway,-0.8545792130440724,0.66875,ZWF1/NQM1/PGI1
63,Pentose phosphate pathway,-1.2850463529764573,0.12195121951219512,SOL4/SOL1/RBK1/TAL1/PGM2/PGM1/RKI1/GND1/ZWF1/TKL2/NQM1/PGI1/PRS3
69,Pentose phosphate pathway,-1.5159959115886419,0.04460833352633781,TKL2/GND1/PRS4/NQM1/PGI1/PRS3
75,Pentose phosphate pathway,-1.705459931342033,0.006693584811464146,ZWF1/SOL2/PRS5/GND1/NQM1/PRS4/TKL2/PRS3/PGI1
81,Pentose phosphate pathway,-1.624769980813656,0.018334319686847032,SOL1/851835/SOL2/TAL1/PGM2/PRS5/ZWF1/SOL4/GND2/GND1/RPE1/TKL2/PRS4/NQM1/PGI1/PRS3
87,Pentose phosphate pathway,-1.6570212132379991,0.007775961956399217,TKL2/PRS5/PRS4/PRS3/PGI1
93,Pentose phosphate pathway,-1.6813752239676412,0.009669400978128661,NQM1/RKI1/GND2/PRS4/SOL2/PRS3/TKL2/851835/PGI1
3,Peroxisome,1.3976045963221393,0.08990599505513786,YAT1/IDP2/YAT2
9,Peroxisome,1.0317198498819535,0.4444444444444444,YAT1/IDP2
15,Peroxisome,-0.9558838779213094,0.5302663438256658,ERG12/PEX19/RSM26/PEX3/SOD1/FAA3/CTT1/IDP3/YAT1/PEX14
21,Peroxisome,-1.1365824562082827,0.23880597014925373,SOD1/YAT1/PEX19/PEX14/YAT2/IDP2
27,Peroxisome,0.8111287488731124,0.7511111111111111,PEX3/PEX14/PEX19/IDP3/SOD2/CTT1/FAA3
33,Peroxisome,0.7068871838180447,0.8503184713375797,PEX3/PEX19/IDP3/RSM26
39,Peroxisome,0.6085379031697149,0.921875,PEX3/PEX19/RSM26
45,Peroxisome,0.8617898533693982,0.6851211072664359,PEX3/PEX19/PEX14/IDP3
51,Peroxisome,1.3859512908677531,0.09392265193370165,YAT1/PEX3/PEX19/PEX14
57,Peroxisome,1.6179486974501052,0.021736580789270057,PEX3/YAT1/PEX19/PEX14/YAT2
63,Peroxisome,1.4891989423919822,0.05917159763313609,PEX3/YAT1/PEX14/PEX19
69,Peroxisome,1.4662687162689507,0.049432864320331664,YAT1/PEX3/PEX14/PEX19
75,Peroxisome,1.4413909185136602,0.05927342256214149,YAT1/PEX3/PEX19/PEX14
81,Peroxisome,1.5672251016162466,0.02616648521132746,YAT1/PEX3/PEX14/PEX19
87,Peroxisome,0.9441963472742687,0.5354691075514875,YAT1/PEX14
93,Peroxisome,-0.9451584643006026,0.5290102389078498,FAA1/PEX3/PXP1/SOD1/IDP3/ERG12/IDP1/SOD2/FAA3/RSM26/MRP1/PEX14
3,Pyrimidine metabolism,-1.7569990814623093,0.0031436382790154,URA8/CDC8/CPA1/URA2/RNR4/CDD1/FUR1/URA4/URA7/URA1/URA6/852544/RNR1
9,Pyrimidine metabolism,-1.3354382893031809,0.10573678290213723,URA7/CPA2/URA2/DAS2/CDC21/URA4/RNR4/URA1/CDC8/CDD1/852544/FUR1/RNR1
15,Pyrimidine metabolism,-1.4937217061895027,0.04095471733068608,855266/URA4/URA1/852544/CDD1/URH1/FCY1/FUR1
21,Pyrimidine metabolism,0.894386092708639,0.6050198150594451,URA1/CDD1/DAS2/URA8/URH1/855266/URA6/CDC21/URA4/URA7/CPA2
27,Pyrimidine metabolism,1.113148684516424,0.32929515418502203,FUR1/CDD1/URA1/URA8/DAS2/855266/URH1/FCY1/CDC21/URA6/URA4/852544/CPA1
33,Pyrimidine metabolism,0.986917731704059,0.522372528616025,FUR1/URA8/URH1/URA1/CPA1/DAS2/CDC21/FCY1/URA5/URA7/DUT1/URA4/URA2/URA6/RNR4
39,Pyrimidine metabolism,0.7943503799909947,0.7824742268041237,FUR1/URH1/URA8/URA1/CPA1/DAS2/CDC21/URA7/RNR4/FCY1/URA2/CPA2/DUT1/URA4/URA6/852544/CDD1
45,Pyrimidine metabolism,1.1867564201563892,0.2671156004489338,FUR1/URH1/DAS2/URA1/CPA1/FCY1/URA8/DUT1/URA7/URA6
51,Pyrimidine metabolism,1.3395597369731351,0.09931972789115646,FUR1/URH1/URA8/DAS2/URA1/FCY1/CPA1/DUT1/CDD1/URA4/URA7
57,Pyrimidine metabolism,-0.8417346605386041,0.6868475991649269,YNK1/URA8/URA4/URA1/FUR1
63,Pyrimidine metabolism,-0.7429985043852697,0.8653061224489796,852544/URA8/URA4/FUR1
69,Pyrimidine metabolism,-1.3381918271792528,0.10602910602910603,FCY1/URA8/852544/855266/URA1/URA4/FUR1
75,Pyrimidine metabolism,-1.2935589234520481,0.12742980561555076,URA8/RNR1/URA5/URA1/URH1/URA4/852544/FUR1
81,Pyrimidine metabolism,-0.9670808551228974,0.474609375,RNR2/URA7/CDC8/YNK1/RNR4/URA8/852544/URA1/URH1/FUR1
87,Pyrimidine metabolism,-1.057037933012342,0.38869257950530034,CPA1/CPA2/URA7/URA2/YNK1/URA8/URH1/CDC21/CDC8/URA5/852544/FUR1
93,Pyrimidine metabolism,-1.0554031543809308,0.37438423645320196,URA6/852544/CDC21/CDC8/DUT1/URA7/FUR1
3,RNA polymerase,-0.8545346529832072,0.6879518072289157,RPC31/RPB3/RPB11/RPC34/RPA135/RPA190/RPO31/RET1
9,RNA polymerase,-0.6435304877206078,0.9382716049382716,RPB8/RPA190/RPC10/RPO31/RPA34/RPB2/RPB11/RPA43/RPA135/RPC53/RET1/RPC82
15,RNA polymerase,-0.9567125744585905,0.5515643105446119,RPB5/RPB3/RPB11/RPC10/RPB8/RPC82
21,RNA polymerase,1.1780771838657482,0.2365038560411311,RPB7/RPC82/RPA14/RPB8
27,RNA polymerase,0.8464659572721274,0.7118463180362861,RPC82/RPB7/RPB8
33,RNA polymerase,-1.0031356158361378,0.3019876316827852,RPA12/RPB10/RPC19/RPC10/RPB11/RPA14
39,RNA polymerase,0.6687248093597727,0.9103869653767821,RPC82/RPC37/RPA190/RPA49/RPB3/RPB7/RET1/RPB2/RPA34/RPC40/RPO31/RPC34/RPA43/RPC53/RPC11/RPB9/RPA135
45,RNA polymerase,-1.0271207767376453,0.3902439024390244,RPC19/RPO26/RPB10/RPB5/RPA12/RPC10/RPB8/RPB11/RPA14
51,RNA polymerase,-0.9861579721379005,0.4845814977973568,RPC40/RPB8/RPB9/RPB11/RPA14
57,RNA polymerase,1.2490735934918937,0.17318435754189945,RPC82/RPB11/RPC11/RPC19/RPB10/RPC37/RPC31/RPC17/RPA12
63,RNA polymerase,1.153689164861541,0.25193798449612403,RPB11/RPC11/RPB10/RPC37/RPC19/RPB8/RPC31/RPA12/RPC17/RPC10/RPB7/RPC34
69,RNA polymerase,1.6044732501125445,0.012406003851708345,RPB11/RPC82/RPC11/RPB10/RPB8/RPC19/RPC37/RPA12/RPC31/RPC40
75,RNA polymerase,1.403710548983529,0.06810035842293907,RPC82/RPB11/RPC11/RPB10/RPC37/RPC19/RPA12/RPC40/RPC31/RPC17
81,RNA polymerase,1.370300667352606,0.08669354838709678,RPA14/RPC82/RPB10/RPC37/RPC11/RPC31/RPC19/RPC40/RPA190/RPC17/RPC34
87,RNA polymerase,1.508750571525511,0.020952068127753718,RPC82/RPC37/RPA14/RPC11/RPB10/RPC40/RPB3/RPC17
93,RNA polymerase,-0.6686146541740741,0.9387417218543046,RPA190/RPB7/RPA34/RPB8/RPC82
3,Ribosome biogenesis in eukaryotes,-1.8913685461067602,2.6049983846625395e-5,KRE33/NOP58/CBF5/PWP2/CKA2/NOP4/EMG1/MDN1/DIP2/IMP3/NUG1/UTP4/NMD3/NOP56/NAN1/UTP13/RPP1/BMS1/UTP9/SDO1/IMP4/RRP7/RCL1/GSP2/RIA1/AFG2/RNH70/UTP22/RIO1/SNU13/FAP7/REX2/UTP15/NOB1/POP6
9,Ribosome biogenesis in eukaryotes,-1.431720594630845,0.02612330198537095,RIO1/CBF5/IMP4/CKA2/RNH70/FAP7/REX2/KRE33/EMG1/IMP3/CKA1/UTP10/NOP58/AFG2/UTP6/NAN1/RIA1/NUG1/UTP13/NOG1/GSP2/PWP2/UTP9/MDN1/RCL1/POP6/UTP22/TIF6/GSP1/NMD3/NOB1/NOP56
15,Ribosome biogenesis in eukaryotes,-1.1095861278528925,0.30267379679144385,POP6/FAP7/EMG1/POP1/SNU13/UTP22/NOB1/TIF6/NOP58/RIO2/UTP18/UTP9/RAT1/IMP4/MPP10/UTP10/BMS1/CKB1/SDO1/REX2/GSP1/UTP8/XRN1/NOP56/UTP13/UTP15
21,Ribosome biogenesis in eukaryotes,1.4995998989310664,0.01985395728382329,RRP7/UTP15/XRN1/MPP10/UTP18/SDO1/CKA1/NOP56/UTP10/RNH70/UTP8/RIO2/CBF5/NOP58/HRR25/UTP9/NOP4/REX2/UTP14/RIX7/DIP2/GSP2/NAN1/RAT1/RIO1/UTP21/NUG1/AFG2/MEX67
27,Ribosome biogenesis in eukaryotes,1.3196640905974868,0.061866125760649086,RRP7/UTP15/XRN1/MPP10/BMS1/CKB1/RIO2/CKA1/NOP56/UTP8/UTP9/CBF5/NOP58/UTP14/SDO1/UTP10/HRR25/NOP4/GSP2/RAT1/RNH70/REX2/DIP2/TIF6/AFG2/RIO1/RIX7/MEX67/UTP18/UTP13/NOG1/MDN1
33,Ribosome biogenesis in eukaryotes,1.475302319430618,0.011905697111275065,CKA1/UTP15/XRN1/MPP10/UTP9/SDO1/REX2/HRR25/RAT1/DIP2/UTP14/RRP7/CBF5/BMS1/EMG1/UTP8/MDN1/UTP13/NOG1/MEX67/IMP4/UTP18/NOP58/RIX7/RIO1/NOP1/KRE33/AFG2/RPP1/RNH70/POP1/RIO2/NOB1/POP6/GAR1/NAN1/NMD3/CKA2/UTP10/UTP4/NUG1/RCL1/GSP2/UTP6
39,Ribosome biogenesis in eukaryotes,1.6037332264706572,0.0014818592146605529,CKA1/UTP15/MPP10/XRN1/SDO1/UTP14/UTP9/BMS1/RAT1/DIP2/HRR25/EMG1/RNH70/POP1/RRP7/CBF5/GSP2/REX2/NOP58/UTP18/NOG1/RPP1/MDN1/MEX67/RIO1/KRE33/RIX7/AFG2/NOP1/NAN1/RIO2/NOP4/UTP8
45,Ribosome biogenesis in eukaryotes,1.202820297983793,0.16168898043254376,UTP15/BMS1/XRN1/CKA1/UTP14/RRP7/NOP56/UTP8/MPP10/SDO1/RNH70/REX2/RIO2/UTP6/UTP18/NOG1/RAT1/GSP2/MDN1/HRR25/RIX7/NOP4/CBF5/RIO1
51,Ribosome biogenesis in eukaryotes,1.1787819775490984,0.22169249106078665,UTP15/RRP7/NOP56/XRN1/MPP10/CKA1/BMS1/UTP9/UTP14/UTP13/HRR25/CBF5/RAT1/REX2/MDN1/GSP1/NOG1/DIP2/UTP18/RIO2/RNH70/CKB1/NOP10/RIO1/UTP6/UTP21/NOP4
57,Ribosome biogenesis in eukaryotes,1.002979078060109,0.4397163120567376,CKA1/XRN1/MPP10/RNH70/UTP15/RRP7/POP6/RIO2/UTP13/SNU13/UTP14/NHP2/UTP18/GSP2/NOP10/RAT1/POP1/RCL1/PWP2/REX2/MDN1/RIX7/NOG1
63,Ribosome biogenesis in eukaryotes,-0.7938619803013268,0.8495762711864406,UTP9/RIO1/DIP2/HRR25/UTP5/SDO1/UTP10/TIF6/GSP1/UTP13/XRN1/BMS1/UTP8/NOP56
69,Ribosome biogenesis in eukaryotes,0.7993142354059627,0.8360957642725598,SNU13/BMS1/UTP8/UTP15/CKA1/TIF6/MPP10/UTP14/NOP10/RIO2/POP6/RNH70/RIA1/NHP2/RAT1/GAR1/FAP7/IMP4/GSP2/UTP18
75,Ribosome biogenesis in eukaryotes,-0.9828378750326262,0.4906976744186046,CRM1/UTP6/UTP22/RRP7/UTP5/UTP15/UTP13/XRN1/SDO1/UTP10/TIF6/CKB1/NOP56
81,Ribosome biogenesis in eukaryotes,-1.2596537840424673,0.11614173228346457,DIP2/NOP58/GSP2/UTP6/HRR25/TIF6/SDO1/RRP7/UTP15/UTP5/CKB1/UTP13/MPP10/XRN1/CKA1/NOP56/UTP8
87,Ribosome biogenesis in eukaryotes,-1.2344062409954704,0.13,UTP15/DIP2/RAT1/NUG1/RRP7/SDO1/CKA2/REX2/MPP10/UTP21/MDN1/RCL1/UTP22/RNH70/XRN1/CKA1/UTP5/NMD3/UTP6/UTP8/TIF6/CKB1/UTP13/NOP56
93,Ribosome biogenesis in eukaryotes,-1.7068444708557549,0.004664735060059757,NOB1/GSP1/NOG2/MPP10/RIX7/CKA2/NOP58/NMD3/IMP3/TIF6/NOP1/AFG2/UTP5/NOP56/MDN1/UTP18/BMS1/NAN1/NOG1/CKB1
3,SNARE interactions in vesicular transport,1.5234083788303452,0.040112417622176204,SSO1/VAM7/TLG1/SYN8/TLG2/SNC1/USE1/GOS1
9,SNARE interactions in vesicular transport,1.679738782131048,0.020188380590883195,SSO1/BET1/VAM7/USE1/SYN8/TLG1
15,SNARE interactions in vesicular transport,-1.1110965054296236,0.3561811505507956,VTI1/VAM3/SEC22/BOS1/BET1
21,SNARE interactions in vesicular transport,1.0586939556173036,0.39373297002724794,USE1/SEC22/SFT1/VAM7/SSO1/SED5
27,SNARE interactions in vesicular transport,1.1238333791728257,0.32483370288248337,SSO1/USE1/VAM7/SEC22/SFT1/SED5
33,SNARE interactions in vesicular transport,0.926121266912696,0.5823591923485654,USE1/SSO1/TLG2
39,SNARE interactions in vesicular transport,1.1752443981481018,0.2510504201680672,USE1/SSO1/TLG2/VAM7/SFT1
45,SNARE interactions in vesicular transport,1.0972322866168909,0.3611111111111111,SEC22/USE1/BET1/VAM3/TLG2/VAM7/SFT1
51,SNARE interactions in vesicular transport,1.0917241848858106,0.3670360110803324,BET1/SEC22/USE1/VAM3
57,SNARE interactions in vesicular transport,-0.8679891735740841,0.6588693957115009,SSO1/TLG2/SYN8/BET1/SED5/USE1
63,SNARE interactions in vesicular transport,-0.7867147109500953,0.766,TLG2/SSO1/SYN8/USE1/BET1
69,SNARE interactions in vesicular transport,-0.8987275483197169,0.6130346232179226,GOS1/SEC22/BET1
75,SNARE interactions in vesicular transport,-1.0810200225256728,0.3458333333333333,GOS1/SSO1/SEC22/BET1
81,SNARE interactions in vesicular transport,-0.77661897602892,0.7909836065573771,VAM7/SNC2/SEC22/BET1
87,SNARE interactions in vesicular transport,0.7879784141235604,0.7721238938053098,SEC22/SSO1/TLG1
93,SNARE interactions in vesicular transport,1.270847512115777,0.16381418092909536,SEC22/BET1/SNC2/VAM3/SSO1
3,Terpenoid backbone biosynthesis,-0.8525270434279666,0.669620253164557,ERG10/MVD1/RAM2/RAM1/ERG13/HMG1/STE24/ERG12/HMG2/NUS1
9,Terpenoid backbone biosynthesis,-1.0426634802873562,0.43162901307966706,IDI1/ERG8/ERG20/ERG13/STE24/HMG2/RAM2/ERG12/NUS1
15,Terpenoid backbone biosynthesis,-0.7955878851061767,0.7493638676844784,HMG2/ERG12/NUS1/RAM1/ERG8/IDI1
21,Terpenoid backbone biosynthesis,1.1118108606451589,0.3259668508287293,HMG2/ERG8/HMG1/IDI1/ERG20/RAM2
27,Terpenoid backbone biosynthesis,0.8827186370279406,0.6606538895152199,HMG2/ERG8/HMG1/RAM2/IDI1/ERG20/MVD1/NUS1/STE24
33,Terpenoid backbone biosynthesis,1.531479476094338,0.03508771929824561,IDI1/HMG1/HMG2
39,Terpenoid backbone biosynthesis,1.5222554622305384,0.03482045701849837,HMG1/IDI1/HMG2
45,Terpenoid backbone biosynthesis,0.803508940705222,0.7491039426523297,IDI1/HMG1/HMG2/COQ1/ERG20
51,Terpenoid backbone biosynthesis,0.943615759936799,0.5568345323741007,IDI1/HMG1/RAM1/ERG8/ERG20/RAM2/NUS1/ERG13
57,Terpenoid backbone biosynthesis,-1.3375875809683087,0.16015625,ERG20/HMG2/HMG1/ERG8
63,Terpenoid backbone biosynthesis,-1.3226754934038805,0.1111111111111111,ERG10/ERG13/RAM2/STE24/ERG20/HMG2/HMG1/ERG8
69,Terpenoid backbone biosynthesis,-1.0949167193957718,0.3450413223140496,RAM1/ERG13/HMG2/RAM2/ERG20/ERG8
75,Terpenoid backbone biosynthesis,-1.3559430258236882,0.11789473684210526,RAM1/HMG2/NUS1/ERG13/ERG20/ERG8/RAM2
81,Terpenoid backbone biosynthesis,0.7329373927208601,0.8225806451612904,ERG8/ERG20/IDI1
87,Terpenoid backbone biosynthesis,-0.7805054809416575,0.7771639042357275,ERG10/HMG2/ERG13/RAM2/ERG12/HMG1
93,Terpenoid backbone biosynthesis,0.7691998570286297,0.7843137254901961,RAM1/ERG8/ERG20/ERG13/NUS1
3,Tryptophan metabolism,-1.3007817800235035,0.14612452350698857,ALD4/HFD1/BNA4/BNA1/ARO8/ALD2/CTT1/ALD5/ALD3/ALD6/BNA5
9,Tryptophan metabolism,-1.0802990492248057,0.37470997679814383,BNA5/ALD4/ALD6/ALD2/CTT1/ALD3/ALD5
15,Tryptophan metabolism,-0.9541628438577263,0.5451127819548872,ERG10/KGD2/BNA4/ALD4/LPD1/HFD1/CTT1/ALD3/ALD5
21,Tryptophan metabolism,0.6811344505532057,0.896551724137931,ALD5/BNA4/HFD1/LPD1/ALD2/CTT1/BNA1/ARO8/ALD6
27,Tryptophan metabolism,0.8629912465302417,0.6822742474916388,ALD5/ALD3/BNA4/CTT1
33,Tryptophan metabolism,0.6854286457714899,0.8741865509761388,ALD5/ALD2/HFD1/BNA4/LPD1
39,Tryptophan metabolism,0.7303768814103145,0.8326226012793176,ALD5/HFD1/LPD1/BNA4/ALD2/BNA5/BNA7/ARO8/ALD6/KGD2/ALD4/CTT1
45,Tryptophan metabolism,0.975395368360541,0.5169988276670574,ALD5/BNA4/LPD1/HFD1/ALD3/ALD2
51,Tryptophan metabolism,1.1375494588297357,0.30386740331491713,ALD5/ALD3/BNA4/HFD1
57,Tryptophan metabolism,0.8764623486363994,0.6322067594433399,ALD5
63,Tryptophan metabolism,0.7831225009052412,0.7755102040816326,ALD5
69,Tryptophan metabolism,-1.5445314907261538,0.04642165821011512,BNA7/BNA5/HFD1/ALD4/BNA3/CTT1/ALD3/ALD5
75,Tryptophan metabolism,-1.7087630215845155,0.014272162789067337,BNA7/BNA5/ALD4/BNA3/CTT1/ALD3/ALD5
81,Tryptophan metabolism,-1.0803835108148667,0.3379721669980119,ALD4/HFD1/BNA7/BNA3/CTT1/ALD3
87,Tryptophan metabolism,0.7884729286604497,0.7594654788418709,ALD5
93,Tryptophan metabolism,0.7999891615609703,0.7609756097560976,ALD5/BNA3/ALD6/ALD2/CTT1/BNA7
3,Various types of N-glycan biosynthesis,-1.256952792411945,0.17945544554455445,ANP1/ALG12/HOC1/ALG2/MNN5/OST5/MNN9/OST2/OST1/MNN10/MNN2/OST3/ALG9/MNN11/MNN1
9,Various types of N-glycan biosynthesis,-1.713807563136463,0.0030721448725257038,MNN9/ALG2/OST1/ALG9/OST2/ALG12/OST3/MNN1/MNN10/OST5/MNN2/WBP1
15,Various types of N-glycan biosynthesis,-1.1656735593024898,0.26844014510278114,STT3/ANP1/HOC1/MNN9/OST3/MNN5/ALG13/MNN2/ALG12/WBP1/MNN11/MNN10
21,Various types of N-glycan biosynthesis,1.2657452244907934,0.1804812834224599,MNN10/OST5/WBP1/OST3/ALG1/MNN11/MNN9/ALG9/ANP1
27,Various types of N-glycan biosynthesis,1.2365908572569215,0.18853362734288864,OST5/MNN10/OST3/WBP1/MNN9/STT3/MNN11/ANP1/MNN5/ALG9/ALG1/ALG13/MNN1/VAN1
33,Various types of N-glycan biosynthesis,1.1762154609286952,0.25922023182297155,MNN10/OST3/MNN11/ALG1/ANP1/MNN5/MNN1/ALG9/STT3/SWP1/OST5/MNN9/HOC1/WBP1
39,Various types of N-glycan biosynthesis,1.1816240056651728,0.24402907580477673,MNN10/ALG1/MNN5/ANP1/MNN1/SWP1/STT3/OST3
45,Various types of N-glycan biosynthesis,1.3176403150716771,0.10652920962199312,WBP1/MNN10/ANP1/OST3/MNN5/STT3/MNN2/MNN1/OST2/MNN11/VAN1
51,Various types of N-glycan biosynthesis,1.103542693004351,0.32972972972972975,ANP1/MNN10/MNN2/OST3/STT3/VAN1/MNN5
57,Various types of N-glycan biosynthesis,0.8932893539624432,0.6254901960784314,MNN10/STT3/ANP1/MNN5/VAN1/SWP1
63,Various types of N-glycan biosynthesis,-0.9079286059806095,0.6326530612244898,ALG1/ALG13/ALG2/ALG9/MNN9/OST2/MNN5/MNN11/MNN1/ANP1/MNN10/WBP1
69,Various types of N-glycan biosynthesis,-0.8763880770019049,0.6374745417515275,ALG13/MNN9/OST1/MNN5/MNN11/ANP1/ALG2/MNN10/OST5/WBP1
75,Various types of N-glycan biosynthesis,-0.9914299248266604,0.46956521739130436,HOC1/OST1/MNN11/MNN5/OST5/ANP1/STT3/ALG13/MNN10/ALG2/WBP1
81,Various types of N-glycan biosynthesis,-1.223759576815394,0.20077972709551656,ALG2/ANP1/MNN5/OST5/MNN9/MNN11/OST3/MNN10/STT3/WBP1
87,Various types of N-glycan biosynthesis,-1.1360027188134474,0.2887323943661972,ANP1/MNN10/OST1/OST5/ALG2/STT3/WBP1
93,Various types of N-glycan biosynthesis,-1.3455694980448647,0.1045531197301855,OST1/OST2/MNN1/OST5/MNN10/WBP1
3,beta-Alanine metabolism,-1.2066383833088894,0.25229960578186594,ALD4/HFD1/ALD2/FMS1/UGA1/ALD5/ALD3/ALD6/EHD3
9,beta-Alanine metabolism,-1.1947587915043598,0.24179829890643986,ALD4/ALD6/ALD2/EHD3/ALD3/ALD5
15,beta-Alanine metabolism,-1.0366087368622559,0.43556701030927836,ALD4/UGA1/HFD1/ALD3/FMS1/ALD5
21,beta-Alanine metabolism,1.3288582693448256,0.12890094979647218,ALD5/FMS1/EHD3
27,beta-Alanine metabolism,1.2868585213810368,0.13302217036172695,FMS1/ALD5/EHD3
33,beta-Alanine metabolism,1.6201336474476986,0.019448728252111004,FMS1/PAN6/ALD5/EHD3/UGA1/ALD2/HFD1
39,beta-Alanine metabolism,1.4599724732584696,0.04932735426008968,FMS1/PAN6/ALD5/EHD3/HFD1/UGA1
45,beta-Alanine metabolism,1.4176227010685298,0.06748466257668712,ALD5/FMS1/PAN6/EHD3/HFD1/ALD3/ALD2/GAD1/UGA1
51,beta-Alanine metabolism,0.9561113205454619,0.5373563218390804,ALD5/PAN6/ALD3/HFD1
57,beta-Alanine metabolism,0.7783889093117518,0.75,ALD5/PAN6
63,beta-Alanine metabolism,-0.8962024630669913,0.5934489402697495,ALD4/UGA1/HFD1/GAD1/ALD3/PAN6/FMS1
69,beta-Alanine metabolism,-1.647918917680401,0.02188997508670843,ALD4/PAN6/GAD1/ALD3/FMS1/ALD5
75,beta-Alanine metabolism,-1.7392932815893603,0.009607139806694103,GAD1/FMS1/ALD3/ALD5
81,beta-Alanine metabolism,-1.3516499010284844,0.12574850299401197,UGA1/ALD4/HFD1/EHD3/PAN6/GAD1/ALD3/FMS1
87,beta-Alanine metabolism,-1.0023438068966934,0.46593001841620624,PAN6/ALD3/FMS1
93,beta-Alanine metabolism,0.8424882816335537,0.683046683046683,ALD5/ALD6/ALD2/GAD1
